이름,나이,거주지
홍길동,30,서울
아무개,25,강원
임꺽정,40,경기
홍길동,30,서울
아무개,25,강원
임꺽정,40,경기
홍길동,30,서울
아무개,25,강원
임꺽정,40,경기
홍길동,30,서울
아무개,25,강원
임꺽정,40,경기
홍길동,30,서울
아무개,25,강원
임꺽정,40,경기
홍길동,30,서울
아무개,25,강원
임꺽정,40,경기
홍길동,30,서울
아무개,25,강원
임꺽정,40,경기
홍길동,30,서울
아무개,25,강원
임꺽정,40,경기
홍길동,30,서울
아무개,25,강원
임꺽정,40,경기
홍길동,30,서울
아무개,25,강원
임꺽정,40,경기
홍길동,30,서울
아무개,25,강원
임꺽정,40,경기
홍길동,30,서울
아무개,25,강원
임꺽정,40,경기
홍길동,30,서울
아무개,25,강원
임꺽정,40,경기
홍길동,30,서울
아무개,25,강원
임꺽정,40,경기
홍길동,30,서울
아무개,25,강원
임꺽정,40,경기
홍길동,30,서울
아무개,25,강원
임꺽정,40,경기
홍길동,30,서울
아무개,25,강원
임꺽정,40,경기
홍길동,30,서울
아무개,25,강원
임꺽정,40,경기
홍길동,30,서울
아무개,25,강원
임꺽정,40,경기
홍길동,30,서울
아무개,25,강원
임꺽정,40,경기
홍길동,30,서울
아무개,25,강원
임꺽정,40,경기
홍길동,30,서울
아무개,25,강원
임꺽정,40,경기
홍길동,30,서울
아무개,25,강원
임꺽정,40,경기
홍길동,30,서울
아무개,25,강원
임꺽정,40,경기
홍길동,30,서울
아무개,25,강원
임꺽정,40,경기
홍길동,30,서울
아무개,25,강원
임꺽정,40,경기
홍길동,30,서울
아무개,25,강원
임꺽정,40,경기
홍길동,30,서울
아무개,25,강원
임꺽정,40,경기
홍길동,30,서울
아무개,25,강원
임꺽정,40,경기
홍길동,30,서울
아무개,25,강원
임꺽정,40,경기
홍길동,30,서울
아무개,25,강원
임꺽정,40,경기
홍길동,30,서울
아무개,25,강원
임꺽정,40,경기
홍길동,30,서울
아무개,25,강원
임꺽정,40,경기
홍길동,30,서울
